guideType,id,order,title,textVersion,summary,details,sourceTitle,sourceUrl,sourceLocation,sourceAccessedAt,sourceUsageRights,status,temettu,ifrad,kiran,expertDecision,expertCorrection,expertName,expertReviewDate,rightsDecision
umrah,U01.1,1,Kullanım biçimi seçimi,U01.1-draft-2026-10-09-v1,Öğrenme ile yolculukta kişisel takip farklı kullanım biçimleridir.,"Hazırlık: İçeriğin taslak ve onay durumunu gör.
Yapılacak işlem: Amacına uygun kullanım biçimini seç.
Dikkat: Uygulama seçimi dinî bir karar yerine geçmez.
Sonraki aşama: Hazırlık başlığına ilerle.",Uygulama kullanım akışı,https://github.com/NeoTuck/kabe_hac,Yerel rehber ve prova işleyişi,2026-10-09,Özgün uygulama açıklaması; dinî hüküm değildir.,draft,,,,,,,,
umrah,U01.2,2,Hazırlık,U01.2-draft-2026-10-09-v1,Yolculuk ve ibadet hazırlığını önceden gözden geçir.,"Hazırlık: Sağlık, seyahat belgesi ve kafile bilgisini yetkili kaynaklardan doğrula.
Yapılacak işlem: Rehberin içerik ve çevrimdışı paket durumunu kontrol et.
Dikkat: Eksik veya eski saha bilgisini kesin bilgi sayma.
Sonraki aşama: Mikat ve ihram konusuna geç.","Diyanet İşleri Başkanlığı, İlmihal I",https://webdosya.diyanet.gov.tr/DiyanetAnasayfa/UserFiles/DiniBilgiler/ilmihal_cilt_1.pdf,"Dokuzuncu Bölüm, ilkeler ve hazırlık bağlamı, basılı s. 511–518",2026-10-09,Özgün özet; kaynak metnin yeniden dağıtım izni teyit edilmedi.,draft,,,,,,,,
umrah,U02.1,3,İhram ve mikat bağlamı,U02.1-draft-2026-10-09-v1,"İhram ve mikat, umrenin başlangıcını anlamak için birlikte ele alınır.","Hazırlık: Güzergâhındaki mikat bilgisini kafile rehberinden öğren.
Yapılacak işlem: İhramın niyetle ilgili ibadet hâli olduğunu incele.
Dikkat: Mikat ve özel durum hükümlerinde kişisel fetva bu karttan çıkarılmaz.
Sonraki aşama: Niyet ve telbiye başlığına geç.","Din İşleri Yüksek Kurulu, İhram ne demektir?",https://kurul.diyanet.gov.tr/tr/fetva/ihram-ne-demektir/c8a56fea-4dd9-4872-090e-08dd1c135351,Cevap bölümü,2026-10-09,Özgün özet; kaynak metnin yeniden dağıtım izni teyit edilmedi.,draft,,,,,,,,
umrah,U02.2,4,Niyet ve telbiye,U02.2-draft-2026-10-09-v1,Niyet ve telbiye hakkında mezhepler arası hüküm farkları vardır.,"Hazırlık: İhram ve mikat bilgisini yetkili rehberinle teyit et.
Yapılacak işlem: Niyet ve telbiyenin kendi durumundaki uygulanışını öğren.
Dikkat: Buradaki taslak, Arapça telaffuz veya onaylı dua sunmaz.
Sonraki aşama: İhramla ilgili kısıtlamaları gözden geçir.","Din İşleri Yüksek Kurulu, İhram ne demektir?",https://kurul.diyanet.gov.tr/tr/fetva/ihram-ne-demektir/c8a56fea-4dd9-4872-090e-08dd1c135351,Cevap bölümü,2026-10-09,Özgün özet; kaynak metnin yeniden dağıtım izni teyit edilmedi.,draft,,,,,,,,
umrah,U02.3,5,İhram bilgileri,U02.3-draft-2026-10-09-v1,İhram hâlinde uyulacak kurallar kişisel duruma göre incelenmelidir.,"Hazırlık: Yolculuk ve sağlık gereksinimlerini önceden bildir.
Yapılacak işlem: İhram süresindeki temel sınırları yetkili rehberden öğren.
Dikkat: Sağlık, kadınlara özgü durumlar ve ihlaller için otomatik hüküm verme.
Sonraki aşama: Mescid-i Haram’a yaklaşma başlığına geç.","Din İşleri Yüksek Kurulu, İhram ne demektir?",https://kurul.diyanet.gov.tr/tr/fetva/ihram-ne-demektir/c8a56fea-4dd9-4872-090e-08dd1c135351,Cevap bölümü,2026-10-09,Özgün özet; kaynak metnin yeniden dağıtım izni teyit edilmedi.,draft,,,,,,,,
umrah,U03.1,6,Mescid-i Haram'a yaklaşma,U03.1-draft-2026-10-09-v1,Mescid-i Haram’a varışta fiziksel güvenlik ve grup düzeni önemlidir.,"Hazırlık: Buluşma noktanı ve güncel giriş bilgisini kafilenle teyit et.
Yapılacak işlem: Kalabalık içinde yönlendirmeleri izleyerek ilerle.
Dikkat: Uygulama canlı kapı veya yoğunluk bilgisi sağlamaz.
Sonraki aşama: Kâbe’yi ilk görüş başlığına geç.","Diyanet İşleri Başkanlığı, İlmihal I",https://webdosya.diyanet.gov.tr/DiyanetAnasayfa/UserFiles/DiniBilgiler/ilmihal_cilt_1.pdf,"Hac ve umrenin yapılışı, basılı s. 550–554; saha güvenliği uygulama uyarısı",2026-10-09,Özgün özet; kaynak metnin yeniden dağıtım izni teyit edilmedi.,draft,,,,,,,,
umrah,U04.1,7,Kâbe'yi ilk görüş bağlamı,U04.1-draft-2026-10-09-v1,"İlk görüş, ibadet akışına hazırlık için bir duraktır.","Hazırlık: Bulunduğun yerde güvenli biçimde durup yönünü belirle.
Yapılacak işlem: Kişisel dua etmek istersen güvenilir metni rehberinle seç.
Dikkat: Bu kart belirli bir duayı zorunlu ilan etmez.
Sonraki aşama: Tavafın başlangıç noktasını öğren.","Diyanet İşleri Başkanlığı, İlmihal I",https://webdosya.diyanet.gov.tr/DiyanetAnasayfa/UserFiles/DiniBilgiler/ilmihal_cilt_1.pdf,"Hac ve umrenin yapılışı, basılı s. 550–554; ilk görüş anlatımı uzman teyidinde",2026-10-09,Özgün özet; kaynak metnin yeniden dağıtım izni teyit edilmedi.,draft,,,,,,,,
umrah,U05.1,8,Tavaf başlangıcı ve yönü,U05.1-draft-2026-10-09-v1,Tavaf Hacer-i Esved hizasından başlar ve Kâbe sol tarafta kalır.,"Hazırlık: Kalabalık ve erişilebilir güzergâh koşullarını gözet.
Yapılacak işlem: Başlangıç hizasını ve dönüş yönünü öğren.
Dikkat: Sayaç konum ölçmez veya ibadet geçerliliği vermez.
Sonraki aşama: İlk şavtın nasıl sayıldığını incele.","Din İşleri Yüksek Kurulu, Tavaf nedir ve kaç çeşit tavaf vardır?",https://kurul.diyanet.gov.tr/tr/fetva/tavaf-nedir-ve-kac-cesit-tavaf-vardir/0193c42d-793d-79e9-3fb4-ff842e2a0759,Tanım ve umre tavafı bölümü,2026-10-09,Özgün özet; kaynak metnin yeniden dağıtım izni teyit edilmedi.,draft,,,,,,,,
umrah,U06.1,9,İlk şavtı öğrenme,U06.1-draft-2026-10-09-v1,Başlangıç hizasına geri gelen tam dönüş bir şavttır.,"Hazırlık: Tavafa başlamadan sayım mantığını gözden geçir.
Yapılacak işlem: Bir tam dönüşün bitişini kendin takip et.
Dikkat: Tereddütte uygulamanın sayısından dinî hüküm çıkarma.
Sonraki aşama: Yedi şavt takibine geç.","Din İşleri Yüksek Kurulu, Tavaf nedir ve kaç çeşit tavaf vardır?",https://kurul.diyanet.gov.tr/tr/fetva/tavaf-nedir-ve-kac-cesit-tavaf-vardir/0193c42d-793d-79e9-3fb4-ff842e2a0759,Tanım ve umre tavafı bölümü,2026-10-09,Özgün özet; kaynak metnin yeniden dağıtım izni teyit edilmedi.,draft,,,,,,,,
umrah,U06.2,10,Yedi şavt takibi,U06.2-draft-2026-10-09-v1,Tavafın yedi şavtı manuel olarak izlenebilir.,"Hazırlık: Her tam dönüşü ayrı saymaya hazırlan.
Yapılacak işlem: Tamamladığın şavtı kendin işaretle.
Dikkat: Sayaç ibadeti otomatik doğrulamaz; özel durumda rehbere danış.
Sonraki aşama: Tavaf sonrası başlığına geç.","Din İşleri Yüksek Kurulu, Tavaf nedir ve kaç çeşit tavaf vardır?",https://kurul.diyanet.gov.tr/tr/fetva/tavaf-nedir-ve-kac-cesit-tavaf-vardir/0193c42d-793d-79e9-3fb4-ff842e2a0759,Tanım ve umre tavafı bölümü,2026-10-09,Özgün özet; kaynak metnin yeniden dağıtım izni teyit edilmedi.,draft,,,,,,,,
umrah,U06.3,11,Tavaf sonrası geçiş,U06.3-draft-2026-10-09-v1,Tavaf bitince sonraki ibadet adımlarını sırayla gözden geçir.,"Hazırlık: Sayımı ve bulunduğun yeri kontrol et.
Yapılacak işlem: Tavaf namazı konusunu öğrenmek için devam et.
Dikkat: Eksik şavt veya özel durum hükmünü uygulama belirlemez.
Sonraki aşama: Tavaf namazı başlığına geç.","Diyanet İşleri Başkanlığı, İlmihal I",https://webdosya.diyanet.gov.tr/DiyanetAnasayfa/UserFiles/DiniBilgiler/ilmihal_cilt_1.pdf,"Tavafın yapılışı ve tavaf namazı, basılı s. 530–532",2026-10-09,Özgün özet; kaynak metnin yeniden dağıtım izni teyit edilmedi.,draft,,,,,,,,
umrah,U07.1,12,Tavaf namazını öğrenme,U07.1-draft-2026-10-09-v1,Tavaftan sonra kılınan namazın yerini ve koşullarını öğren.,"Hazırlık: Kalabalığı ve uygun namaz alanını dikkate al.
Yapılacak işlem: Uygun uygulamayı yetkili rehberle teyit et.
Dikkat: Belirli bir noktaya ulaşmak için insanları zorlamaya çalışma.
Sonraki aşama: Zemzem başlığına geç.","Diyanet İşleri Başkanlığı, İlmihal I",https://webdosya.diyanet.gov.tr/DiyanetAnasayfa/UserFiles/DiniBilgiler/ilmihal_cilt_1.pdf,"Tavafın vâcipleri ve yapılışı, basılı s. 530–532",2026-10-09,Özgün özet; kaynak metnin yeniden dağıtım izni teyit edilmedi.,draft,,,,,,,,
umrah,U07.2,13,Zemzem,U07.2-draft-2026-10-09-v1,"Zemzem, umre akışındaki sonraki hatırlatma başlığıdır.","Hazırlık: Ulaşım ve kalabalık koşullarını gözet.
Yapılacak işlem: Güvenli ve uygun olduğunda bu aşamayı değerlendir.
Dikkat: Bu kart içme miktarı veya zorunlu dua hükmü üretmez.
Sonraki aşama: Safâ ve sa‘y başlangıcına geç.","Diyanet İşleri Başkanlığı, İlmihal I",https://webdosya.diyanet.gov.tr/DiyanetAnasayfa/UserFiles/DiniBilgiler/ilmihal_cilt_1.pdf,"Hac ve umrenin yapılışı, zemzem geçişi, basılı s. 551–552",2026-10-09,Özgün özet; kaynak metnin yeniden dağıtım izni teyit edilmedi.,draft,,,,,,,,
umrah,U08.1,14,Safâ ve sa‘y başlangıcı,U08.1-draft-2026-10-09-v1,Sa‘y Safâ ve Merve arasında tek yönlü geçişlerle sayılır.,"Hazırlık: Başlangıç yönünü ve yürüyüş düzenini öğren.
Yapılacak işlem: İlk geçişe Safâ yönünden başlanacağını rehberinle teyit et.
Dikkat: Fiziksel koşullar ve özel hükümler için kişisel destek al.
Sonraki aşama: İlk gidiş ve dönüş sayımına geç.","Din İşleri Yüksek Kurulu, Sa’yin şavtlarını eksik yapan kişiye ne gerekir?",https://kurul.diyanet.gov.tr/tr/fetva/sayin-savtlarini-eksik-yapan-kisiye-ne-gerekir/0193c42d-7a72-7dea-2f22-dcdaeaedf06b,Şavt tanımı bölümü,2026-10-09,Özgün özet; kaynak metnin yeniden dağıtım izni teyit edilmedi.,draft,,,,,,,,
umrah,U09.1,15,İlk gidiş/dönüş ve sayım,U09.1-draft-2026-10-09-v1,Safâ’dan Merve’ye gidiş ile geri dönüş ayrı şavtlardır.,"Hazırlık: Her yön değişimini ayrı bir geçiş olarak düşün.
Yapılacak işlem: Tamamlanan tek yönlü geçişleri manuel say.
Dikkat: Gidiş-dönüşü tek sayı yapma.
Sonraki aşama: Yedi geçişin tamamını izle.","Din İşleri Yüksek Kurulu, Sa’yin şavtlarını eksik yapan kişiye ne gerekir?",https://kurul.diyanet.gov.tr/tr/fetva/sayin-savtlarini-eksik-yapan-kisiye-ne-gerekir/0193c42d-7a72-7dea-2f22-dcdaeaedf06b,Şavt tanımı bölümü,2026-10-09,Özgün özet; kaynak metnin yeniden dağıtım izni teyit edilmedi.,draft,,,,,,,,
umrah,U09.2,16,Yedi geçişin takibi,U09.2-draft-2026-10-09-v1,Sa‘y yedi tek yönlü geçişten oluşur ve Merve’de biter.,"Hazırlık: Kaldığın yönü ve sayıyı gözden geçir.
Yapılacak işlem: Her tamamlanan geçişte sayacı kendin artır.
Dikkat: Eksik geçişin dinî sonucu sayaçtan belirlenmez.
Sonraki aşama: Tahallül bilgisine geç.","Din İşleri Yüksek Kurulu, Sa’yin şavtlarını eksik yapan kişiye ne gerekir?",https://kurul.diyanet.gov.tr/tr/fetva/sayin-savtlarini-eksik-yapan-kisiye-ne-gerekir/0193c42d-7a72-7dea-2f22-dcdaeaedf06b,Şavt tanımı bölümü,2026-10-09,Özgün özet; kaynak metnin yeniden dağıtım izni teyit edilmedi.,draft,,,,,,,,
umrah,U10.1,17,Tahallül bilgisi,U10.1-draft-2026-10-09-v1,Sa‘yden sonra ihramdan çıkış aşamasının koşulları öğrenilir.,"Hazırlık: Kendi ibadet ve sağlık durumunu rehberle doğrula.
Yapılacak işlem: Saç kesme veya kısaltma uygulamasını yetkili yönlendirmeyle değerlendir.
Dikkat: Özel durumlar için uygulama hüküm vermez.
Sonraki aşama: Yolculuk özetine geç.","Diyanet İşleri Başkanlığı, İlmihal I",https://webdosya.diyanet.gov.tr/DiyanetAnasayfa/UserFiles/DiniBilgiler/ilmihal_cilt_1.pdf,"Umrenin yapılışı ve saçları kısaltma, basılı s. 541–543, 547–548",2026-10-09,Özgün özet; kaynak metnin yeniden dağıtım izni teyit edilmedi.,draft,,,,,,,,
umrah,U10.2,18,Öğrenme/yolculuk özeti,U10.2-draft-2026-10-09-v1,Özet kişisel takibi gözden geçirmek içindir.,"Hazırlık: İşaretlerini ve varsa eksik başlıkları kontrol et.
Yapılacak işlem: Gerektiğinde önceki adıma dön veya rehbere başvur.
Dikkat: Uygulama tamamlandı işareti ibadetin geçerlilik belgesi değildir.
Sonraki aşama: Yolculuk kaydını koru.",Uygulama kullanım akışı,https://github.com/NeoTuck/kabe_hac,Yerel rehber ve prova işleyişi,2026-10-09,Özgün uygulama açıklaması; dinî hüküm değildir.,draft,,,,,,,,
hajj,H01.1,1,Hac türü ve profil seçimi,H01.1-draft-2026-10-09-v1,"Temettü, ifrad ve kıran farklı ihram ve umre ilişkileri taşır.","Hazırlık: Kendi hac türünü yetkili kafile kaydından doğrula.
Yapılacak işlem: Profili seçip akışın taslak olduğunu gör.
Dikkat: Profil uygulanabilirlik matrisi henüz uzman onaylı değildir.
Sonraki aşama: Gün ve güzergâh başlığına geç.","Diyanet İşleri Başkanlığı, İlmihal I",https://webdosya.diyanet.gov.tr/DiyanetAnasayfa/UserFiles/DiniBilgiler/ilmihal_cilt_1.pdf,"Haccın çeşitleri, basılı s. 548–550",2026-10-09,Özgün özet; kaynak metnin yeniden dağıtım izni teyit edilmedi.,draft,unverified,unverified,unverified,,,,,
hajj,H01.2,2,Gün ve güzergâh bağlamı,H01.2-draft-2026-10-09-v1,Hac günleri ve geçişler seçilen profile ve organizasyona göre değişebilir.,"Hazırlık: Resmî kafile programının güncel sürümünü öğren.
Yapılacak işlem: Aşamaları genel sıra olarak gözden geçir.
Dikkat: Uygulama canlı saha, ulaşım veya fetva kaynağı değildir.
Sonraki aşama: Paket hazırlığına geç.","Diyanet İşleri Başkanlığı, İlmihal I",https://webdosya.diyanet.gov.tr/DiyanetAnasayfa/UserFiles/DiniBilgiler/ilmihal_cilt_1.pdf,"Hac ve umrenin yapılışı, basılı s. 550–554",2026-10-09,Özgün özet; kaynak metnin yeniden dağıtım izni teyit edilmedi.,draft,unverified,unverified,unverified,,,,,
hajj,H01.3,3,Kullanım ve paket hazırlığı,H01.3-draft-2026-10-09-v1,Çevrimdışı içerik ve kişisel takip ayrı işlevlerdir.,"Hazırlık: Paketin kaynağını, sürümünü ve indirme durumunu kontrol et.
Yapılacak işlem: İstersen paketi etkinleştir; normal rehber için zorunlu değildir.
Dikkat: Taslak veya eksik paket onaylı dinî içerik sayılmaz.
Sonraki aşama: Hazırlık ve mikat başlığına geç.",Uygulama kullanım akışı,https://github.com/NeoTuck/kabe_hac,Yerel rehber ve prova işleyişi,2026-10-09,Özgün uygulama açıklaması; dinî hüküm değildir.,draft,unverified,unverified,unverified,,,,,
hajj,H02.1,4,Hazırlık ve mikat,H02.1-draft-2026-10-09-v1,Mikat ve ihram hazırlığı seçilen hac türüne bağlıdır.,"Hazırlık: Güzergâhı ve hac türünü kafile görevlisinden doğrula.
Yapılacak işlem: İhrama giriş zamanını ve hazırlığını kişisel rehberlikle öğren.
Dikkat: Temettü, ifrad ve kıranı tek hüküm gibi birleştirme.
Sonraki aşama: Niyet ve telbiye başlığına geç.","Diyanet İşleri Başkanlığı, İlmihal I",https://webdosya.diyanet.gov.tr/DiyanetAnasayfa/UserFiles/DiniBilgiler/ilmihal_cilt_1.pdf,"İhram ve hac başlangıcı, basılı s. 518–523, 550–551",2026-10-09,Özgün özet; kaynak metnin yeniden dağıtım izni teyit edilmedi.,draft,unverified,unverified,unverified,,,,,
hajj,H02.2,5,Niyet ve telbiye,H02.2-draft-2026-10-09-v1,Niyet ve telbiye ihram akışında ele alınır.,"Hazırlık: Seçilen profilin ihram düzenini teyit et.
Yapılacak işlem: Niyet ve telbiyenin uygulanışını yetkili rehberden öğren.
Dikkat: Arapça telaffuz ve profil hükümleri burada onaylı değildir.
Sonraki aşama: Mekke’ye varış başlığına geç.","Din İşleri Yüksek Kurulu, İhram ne demektir?",https://kurul.diyanet.gov.tr/tr/fetva/ihram-ne-demektir/c8a56fea-4dd9-4872-090e-08dd1c135351,Cevap bölümü,2026-10-09,Özgün özet; kaynak metnin yeniden dağıtım izni teyit edilmedi.,draft,unverified,unverified,unverified,,,,,
hajj,H02.3,6,Mekke ve ilk görüş bağlamı,H02.3-draft-2026-10-09-v1,Mekke’ye varış ve ilk görüş sonraki ibadetleri hazırlama bağlamıdır.,"Hazırlık: Buluşma ve giriş bilgisini yetkili kaynaktan öğren.
Yapılacak işlem: Kafile yönlendirmesiyle güvenli hareket et.
Dikkat: Canlı kapı ve kalabalık bilgisi uygulamada bulunmaz.
Sonraki aşama: İlgili ön aşamaya geç.","Diyanet İşleri Başkanlığı, İlmihal I",https://webdosya.diyanet.gov.tr/DiyanetAnasayfa/UserFiles/DiniBilgiler/ilmihal_cilt_1.pdf,"Hac ve umrenin yapılışı, basılı s. 550–552; saha güvenliği uygulama uyarısı",2026-10-09,Özgün özet; kaynak metnin yeniden dağıtım izni teyit edilmedi.,draft,unverified,unverified,unverified,,,,,
hajj,H02.4,7,İlgili ön aşama,H02.4-draft-2026-10-09-v1,Hac öncesi tavaf ve sa‘y ilişkisi profile göre farklılaşabilir.,"Hazırlık: İfrad, temettü veya kıran kaydını kontrol et.
Yapılacak işlem: Kendine uygulanacak ön aşamayı rehberle belirle.
Dikkat: Uzman onayı olmayan profil filtresi otomatik uygulanmaz.
Sonraki aşama: Hac başlangıcına geçişi incele.","Diyanet İşleri Başkanlığı, İlmihal I",https://webdosya.diyanet.gov.tr/DiyanetAnasayfa/UserFiles/DiniBilgiler/ilmihal_cilt_1.pdf,"Haccın çeşitleri ve ön aşama, basılı s. 548–552",2026-10-09,Özgün özet; kaynak metnin yeniden dağıtım izni teyit edilmedi.,draft,unverified,unverified,unverified,,,,,
hajj,H02.5,8,Hac başlangıcına geçiş,H02.5-draft-2026-10-09-v1,Hac başlangıcına geçişte ihram durumunu yeniden gözden geçir.,"Hazırlık: Kafile takvimini ve kişisel profili teyit et.
Yapılacak işlem: Bir sonraki günün programına hazırlan.
Dikkat: Temettüde ayrı ihram, ifrad ve kıranda farklı sıra olabilir.
Sonraki aşama: İlk güzergâh başlığına geç.","Diyanet İşleri Başkanlığı, İlmihal I",https://webdosya.diyanet.gov.tr/DiyanetAnasayfa/UserFiles/DiniBilgiler/ilmihal_cilt_1.pdf,"Hac ve umrenin yapılışı, basılı s. 551–552",2026-10-09,Özgün özet; kaynak metnin yeniden dağıtım izni teyit edilmedi.,draft,unverified,unverified,unverified,,,,,
hajj,H03.1,9,İlk güzergâh,H03.1-draft-2026-10-09-v1,İlk güzergâh Mina veya Arafat yönüne uzanabilir.,"Hazırlık: Resmî ulaşım ve buluşma planını kontrol et.
Yapılacak işlem: Kafile talimatıyla uygun güzergâhı izle.
Dikkat: Uygulama gerçek zamanlı rota ya da kalabalık garantisi vermez.
Sonraki aşama: Uygulanırsa Mina başlığına geç.","Diyanet İşleri Başkanlığı, İlmihal I",https://webdosya.diyanet.gov.tr/DiyanetAnasayfa/UserFiles/DiniBilgiler/ilmihal_cilt_1.pdf,"Hac ve umrenin yapılışı, basılı s. 552–553",2026-10-09,Özgün özet; kaynak metnin yeniden dağıtım izni teyit edilmedi.,draft,unverified,unverified,unverified,,,,,
hajj,H03.2,10,Uygulanırsa ilk Mina,H03.2-draft-2026-10-09-v1,Mina’daki ilk durak organizasyon planına göre ele alınır.,"Hazırlık: Kafile programında bu durağın olup olmadığını doğrula.
Yapılacak işlem: Varsa konaklama ve hareket talimatlarına uy.
Dikkat: Bu başlık herkes için otomatik zorunlu gösterilmez.
Sonraki aşama: Arafat’a geçişi incele.","Diyanet İşleri Başkanlığı, İlmihal I",https://webdosya.diyanet.gov.tr/DiyanetAnasayfa/UserFiles/DiniBilgiler/ilmihal_cilt_1.pdf,"Hac ve umrenin yapılışı, Mina geçişi, basılı s. 552–553",2026-10-09,Özgün özet; kaynak metnin yeniden dağıtım izni teyit edilmedi.,draft,unverified,unverified,unverified,,,,,
hajj,H03.3,11,Arafat'a geçiş açıklaması,H03.3-draft-2026-10-09-v1,Arafat’a geçişin zaman ve sınır bilgisi önemlidir.,"Hazırlık: Kafile ve resmî yönlendirmelerin güncelliğini kontrol et.
Yapılacak işlem: Geçişi kendi programına göre planla.
Dikkat: Saha sınırlarını telefon konumuyla hükme bağlama.
Sonraki aşama: Arafat başlığına geç.","Diyanet İşleri Başkanlığı, İlmihal I",https://webdosya.diyanet.gov.tr/DiyanetAnasayfa/UserFiles/DiniBilgiler/ilmihal_cilt_1.pdf,"Hac ve umrenin yapılışı, Arafat geçişi, basılı s. 552–553",2026-10-09,Özgün özet; kaynak metnin yeniden dağıtım izni teyit edilmedi.,draft,unverified,unverified,unverified,,,,,
hajj,H04.1,12,Arafat ve sınır bilgisi,H04.1-draft-2026-10-09-v1,Arafat vakfesinin yer ve zaman bağlamı yetkili rehberlikle doğrulanır.,"Hazırlık: Kafile programını ve bölge sınırını öğren.
Yapılacak işlem: Güvenli konumlanma talimatlarını izle.
Dikkat: GPS noktası vakfenin geçerliliğini belirlemez.
Sonraki aşama: Namaz ve vakfe başlığına geç.","Diyanet İşleri Başkanlığı, İlmihal I",https://webdosya.diyanet.gov.tr/DiyanetAnasayfa/UserFiles/DiniBilgiler/ilmihal_cilt_1.pdf,"Arafat vakfesi ve yapılış sırası, basılı s. 526–528, 552–553",2026-10-09,Özgün özet; kaynak metnin yeniden dağıtım izni teyit edilmedi.,draft,unverified,unverified,unverified,,,,,
hajj,H04.2,13,Namaz ve vakfe bağlamı,H04.2-draft-2026-10-09-v1,Arafat günü namaz ve vakfe birlikte değerlendirilir.,"Hazırlık: Vakit ve kafile düzenini yetkili rehberden öğren.
Yapılacak işlem: Kendi durumuna uygun ibadet akışını takip et.
Dikkat: Mezhep ve özel durum ayrıntıları bu taslakta karara bağlanmaz.
Sonraki aşama: Dua zamanı başlığına geç.","Diyanet İşleri Başkanlığı, İlmihal I",https://webdosya.diyanet.gov.tr/DiyanetAnasayfa/UserFiles/DiniBilgiler/ilmihal_cilt_1.pdf,"Arafat vakfesi ve yapılış sırası, basılı s. 526–528, 552–553",2026-10-09,Özgün özet; kaynak metnin yeniden dağıtım izni teyit edilmedi.,draft,unverified,unverified,unverified,,,,,
hajj,H04.3,14,Dua zamanı,H04.3-draft-2026-10-09-v1,Arafat’ta dua kişisel ibadet bağlamında ele alınır.,"Hazırlık: Güvenilir ve onaylı dua kaynağını rehberinle seç.
Yapılacak işlem: İstersen kendi dilinde dua et.
Dikkat: Belirli bir taslak metni zorunlu dua olarak sunma.
Sonraki aşama: Sonraki geçişe hazırlan.","Diyanet İşleri Başkanlığı, İlmihal I",https://webdosya.diyanet.gov.tr/DiyanetAnasayfa/UserFiles/DiniBilgiler/ilmihal_cilt_1.pdf,"Arafat vakfesi ve yapılış sırası, basılı s. 526–528, 552–553",2026-10-09,Özgün özet; kaynak metnin yeniden dağıtım izni teyit edilmedi.,draft,unverified,unverified,unverified,,,,,
hajj,H04.4,15,Sonraki geçiş,H04.4-draft-2026-10-09-v1,Arafat sonrasında sıradaki geçiş Muzdelife yönündedir.,"Hazırlık: Ulaşım ve kalabalık koşullarını kontrol et.
Yapılacak işlem: Kafile hareket planına uy.
Dikkat: Uygulama canlı ulaşım veya saha sınırı sağlamaz.
Sonraki aşama: Gece varışı başlığına geç.","Diyanet İşleri Başkanlığı, İlmihal I",https://webdosya.diyanet.gov.tr/DiyanetAnasayfa/UserFiles/DiniBilgiler/ilmihal_cilt_1.pdf,"Arafat sonrası geçiş, basılı s. 552–553",2026-10-09,Özgün özet; kaynak metnin yeniden dağıtım izni teyit edilmedi.,draft,unverified,unverified,unverified,,,,,
hajj,H05.1,16,Gece varışı,H05.1-draft-2026-10-09-v1,Muzdelife’ye gece varış organizasyon planıyla izlenir.,"Hazırlık: Güncel konaklama ve buluşma bilgisini edin.
Yapılacak işlem: Kafile görevlilerinin güvenlik yönlendirmelerini izle.
Dikkat: Telefon konumu dinî geçerlilik kararı değildir.
Sonraki aşama: Namaz ve vakfe başlığına geç.","Diyanet İşleri Başkanlığı, İlmihal I",https://webdosya.diyanet.gov.tr/DiyanetAnasayfa/UserFiles/DiniBilgiler/ilmihal_cilt_1.pdf,"Müzdelife vakfesi ve yapılış sırası, basılı s. 536–537, 553",2026-10-09,Özgün özet; kaynak metnin yeniden dağıtım izni teyit edilmedi.,draft,unverified,unverified,unverified,,,,,
hajj,H05.2,17,Namaz ve vakfe bağlamı,H05.2-draft-2026-10-09-v1,Muzdelife’de namaz ve vakfe hükümleri birlikte incelenir.,"Hazırlık: Vakit ve kişisel durumunu rehberle doğrula.
Yapılacak işlem: Uygulanacak sırayı yetkili yönlendirmeyle öğren.
Dikkat: Özel durumlar için otomatik hüküm çıkarma.
Sonraki aşama: Taş hazırlığına geç.","Diyanet İşleri Başkanlığı, İlmihal I",https://webdosya.diyanet.gov.tr/DiyanetAnasayfa/UserFiles/DiniBilgiler/ilmihal_cilt_1.pdf,"Müzdelife vakfesi ve yapılış sırası, basılı s. 536–537, 553",2026-10-09,Özgün özet; kaynak metnin yeniden dağıtım izni teyit edilmedi.,draft,unverified,unverified,unverified,,,,,
hajj,H05.3,18,Taş hazırlığı ve Mina'ya yönelim,H05.3-draft-2026-10-09-v1,Mina ve cemarat aşaması için hazırlık yapılır.,"Hazırlık: Kafile rota ve güvenlik talimatlarını al.
Yapılacak işlem: Taş hazırlığı ve sonraki hareketi rehberlikle öğren.
Dikkat: Kalabalıkta güvenliği sayım hızının önüne koy.
Sonraki aşama: Aktif gün ve hedefe geç.","Diyanet İşleri Başkanlığı, İlmihal I",https://webdosya.diyanet.gov.tr/DiyanetAnasayfa/UserFiles/DiniBilgiler/ilmihal_cilt_1.pdf,"Müzdelife sonrası Mina geçişi, basılı s. 553–554",2026-10-09,Özgün özet; kaynak metnin yeniden dağıtım izni teyit edilmedi.,draft,unverified,unverified,unverified,,,,,
hajj,H06.1,19,Aktif gün ve hedef,H06.1-draft-2026-10-09-v1,Cemarat akışında gün ve hedef ayrımı gerekir.,"Hazırlık: Resmî gün programını ve bulunduğun hedefi doğrula.
Yapılacak işlem: Manuel sayımı yalnız ilgili gün ve hedef için aç.
Dikkat: Uygulama hedefi GPS ile otomatik seçmez.
Sonraki aşama: Yaklaşma bilgisine geç.","Diyanet İşleri Başkanlığı, İlmihal I",https://webdosya.diyanet.gov.tr/DiyanetAnasayfa/UserFiles/DiniBilgiler/ilmihal_cilt_1.pdf,"Şeytan taşlama ve yapılış sırası, basılı s. 537–541, 553–554",2026-10-09,Özgün özet; kaynak metnin yeniden dağıtım izni teyit edilmedi.,draft,unverified,unverified,unverified,,,,,
hajj,H06.2,20,Yaklaşma bilgisi,H06.2-draft-2026-10-09-v1,Cemreye yaklaşırken güvenli güzergâh ve kalabalık yönetimi önemlidir.,"Hazırlık: Kafile ve resmî saha talimatlarını izle.
Yapılacak işlem: Atış alanına güvenli biçimde ilerle.
Dikkat: Uygulama canlı yoğunluk veya geçiş izni bildirmez.
Sonraki aşama: Manuel atış takibine geç.","Diyanet İşleri Başkanlığı, İlmihal I",https://webdosya.diyanet.gov.tr/DiyanetAnasayfa/UserFiles/DiniBilgiler/ilmihal_cilt_1.pdf,"Şeytan taşlama ve yapılış sırası, basılı s. 537–541, 553–554",2026-10-09,Özgün özet; kaynak metnin yeniden dağıtım izni teyit edilmedi.,draft,unverified,unverified,unverified,,,,,
hajj,H06.3,21,Manuel atış takibi,H06.3-draft-2026-10-09-v1,Atış sayımı seçili gün ve hedefte manuel tutulur.,"Hazırlık: Gün, hedef ve dinî uygulama kararını rehberle teyit et.
Yapılacak işlem: Gerçekleştirdiğin atışları kendin işaretle.
Dikkat: Sayaç taşın isabetini veya ibadetin geçerliliğini ölçmez.
Sonraki aşama: Sonraki hedefe geç.","Diyanet İşleri Başkanlığı, İlmihal I",https://webdosya.diyanet.gov.tr/DiyanetAnasayfa/UserFiles/DiniBilgiler/ilmihal_cilt_1.pdf,"Şeytan taşlama ve yapılış sırası, basılı s. 537–541, 553–554",2026-10-09,Özgün özet; kaynak metnin yeniden dağıtım izni teyit edilmedi.,draft,unverified,unverified,unverified,,,,,
hajj,H06.4,22,Sonraki hedef,H06.4-draft-2026-10-09-v1,Sonraki cemre hedefi ancak günün doğrulanmış sırasıyla seçilir.,"Hazırlık: Kafile planında sıradaki hedefi kontrol et.
Yapılacak işlem: Gerekirse yeni hedef için ayrı manuel sayaç aç.
Dikkat: Bir hedefin sayısı başka hedefe otomatik taşınmaz.
Sonraki aşama: Kurban bağlamına geç.","Diyanet İşleri Başkanlığı, İlmihal I",https://webdosya.diyanet.gov.tr/DiyanetAnasayfa/UserFiles/DiniBilgiler/ilmihal_cilt_1.pdf,"Şeytan taşlama ve yapılış sırası, basılı s. 537–541, 553–554",2026-10-09,Özgün özet; kaynak metnin yeniden dağıtım izni teyit edilmedi.,draft,unverified,unverified,unverified,,,,,
hajj,H07.1,23,Kurban bağlamı,H07.1-draft-2026-10-09-v1,Kurban yükümlülüğü hac türüyle ilişkilidir.,"Hazırlık: Seçilen profil ve resmî organizasyon belgesini doğrula.
Yapılacak işlem: Kendi durumunu yetkili rehberle değerlendir.
Dikkat: Uygulama kurbanın gerçekleştiğini otomatik doğrulamaz.
Sonraki aşama: Tahallül başlığına geç.","Diyanet İşleri Başkanlığı, İlmihal I",https://webdosya.diyanet.gov.tr/DiyanetAnasayfa/UserFiles/DiniBilgiler/ilmihal_cilt_1.pdf,"Hedy kurbanı ve yapılış sırası, basılı s. 553–557",2026-10-09,Özgün özet; kaynak metnin yeniden dağıtım izni teyit edilmedi.,draft,unverified,unverified,unverified,,,,,
hajj,H07.2,24,Tahallül,H07.2-draft-2026-10-09-v1,Tahallül ihramdan çıkış aşamasıdır.,"Hazırlık: Önceki ibadetlerin durumunu rehberle kontrol et.
Yapılacak işlem: Saç kesme veya kısaltma uygulamasını yetkili yönlendirmeyle öğren.
Dikkat: Özel durumlar için uygulama hüküm vermez.
Sonraki aşama: Sonraki aşamaya geç.","Diyanet İşleri Başkanlığı, İlmihal I",https://webdosya.diyanet.gov.tr/DiyanetAnasayfa/UserFiles/DiniBilgiler/ilmihal_cilt_1.pdf,"Saçları tıraş/kısaltma ve yapılış sırası, basılı s. 541–543, 553–554",2026-10-09,Özgün özet; kaynak metnin yeniden dağıtım izni teyit edilmedi.,draft,unverified,unverified,unverified,,,,,
hajj,H07.3,25,Sonraki aşama,H07.3-draft-2026-10-09-v1,Tahallül sonrası ziyaret tavafı aşaması gözden geçirilir.,"Hazırlık: Kafile programını ve fiziksel durumunu kontrol et.
Yapılacak işlem: Uygun zaman ve güzergâhı yetkili rehberle belirle.
Dikkat: Canlı saha koşulları bu taslakta doğrulanmaz.
Sonraki aşama: Ziyaret tavafına geç.","Diyanet İşleri Başkanlığı, İlmihal I",https://webdosya.diyanet.gov.tr/DiyanetAnasayfa/UserFiles/DiniBilgiler/ilmihal_cilt_1.pdf,"Hac ve umrenin yapılışı, basılı s. 553–554",2026-10-09,Özgün özet; kaynak metnin yeniden dağıtım izni teyit edilmedi.,draft,unverified,unverified,unverified,,,,,
hajj,H08.1,26,Ziyaret tavafı,H08.1-draft-2026-10-09-v1,Ziyaret tavafı hac akışının temel aşamalarındandır.,"Hazırlık: Uygun zaman ve tavaf başlangıcını yetkili rehberle teyit et.
Yapılacak işlem: Şavtları kendin takip et.
Dikkat: Sayaç veya GPS dinî geçerlilik kararı vermez.
Sonraki aşama: Tavaf sonrası başlığına geç.","Diyanet İşleri Başkanlığı, İlmihal I",https://webdosya.diyanet.gov.tr/DiyanetAnasayfa/UserFiles/DiniBilgiler/ilmihal_cilt_1.pdf,"Ziyaret tavafı ve yapılış sırası, basılı s. 528–533, 553–554",2026-10-09,Özgün özet; kaynak metnin yeniden dağıtım izni teyit edilmedi.,draft,unverified,unverified,unverified,,,,,
hajj,H08.2,27,Tavaf sonrası,H08.2-draft-2026-10-09-v1,Ziyaret tavafından sonraki işlemler kişisel duruma bağlanır.,"Hazırlık: Önceki sa‘y ve profil bilgisini gözden geçir.
Yapılacak işlem: Sonraki adımı rehberinle belirle.
Dikkat: Herkesin aynı sırayı uyguladığını varsayma.
Sonraki aşama: Gerekiyorsa sa‘y başlığına geç.","Diyanet İşleri Başkanlığı, İlmihal I",https://webdosya.diyanet.gov.tr/DiyanetAnasayfa/UserFiles/DiniBilgiler/ilmihal_cilt_1.pdf,"Tavaf sonrası aşama, basılı s. 530–532, 553–554",2026-10-09,Özgün özet; kaynak metnin yeniden dağıtım izni teyit edilmedi.,draft,unverified,unverified,unverified,,,,,
hajj,H08.3,28,Gerekiyorsa sa'y,H08.3-draft-2026-10-09-v1,Hac sa‘yinin gerekliliği önceki uygulamaya göre değişebilir.,"Hazırlık: Önceden yapılan sa‘y durumunu yetkili rehberle doğrula.
Yapılacak işlem: Gerekliyse Safâ–Merve geçişlerini manuel izle.
Dikkat: Profil ve önceki fiil onayı olmadan otomatik filtre açılmaz.
Sonraki aşama: Sonraki duruma geç.","Diyanet İşleri Başkanlığı, İlmihal I",https://webdosya.diyanet.gov.tr/DiyanetAnasayfa/UserFiles/DiniBilgiler/ilmihal_cilt_1.pdf,"Sa‘y ve hac profilleri, basılı s. 533–535, 548–554",2026-10-09,Özgün özet; kaynak metnin yeniden dağıtım izni teyit edilmedi.,draft,unverified,unverified,unverified,,,,,
hajj,H08.4,29,Sonraki durum,H08.4-draft-2026-10-09-v1,Ziyaret aşaması sonrası kalan günler için program güncellenir.,"Hazırlık: Kafile gün ve konaklama planını edin.
Yapılacak işlem: Mina ve sonraki cemre günlerini gözden geçir.
Dikkat: Bu kart canlı program kaynağı değildir.
Sonraki aşama: Mina ve yeni gün başlığına geç.","Diyanet İşleri Başkanlığı, İlmihal I",https://webdosya.diyanet.gov.tr/DiyanetAnasayfa/UserFiles/DiniBilgiler/ilmihal_cilt_1.pdf,"Hac ve umrenin yapılışı, basılı s. 553–554",2026-10-09,Özgün özet; kaynak metnin yeniden dağıtım izni teyit edilmedi.,draft,unverified,unverified,unverified,,,,,
hajj,H09.1,30,Mina ve yeni gün,H09.1-draft-2026-10-09-v1,Mina’daki sonraki gün için sayım bağlamı yenilenir.,"Hazırlık: Günü ve ilk hedefi resmî programdan doğrula.
Yapılacak işlem: Yeni gün kaydını ayrı aç.
Dikkat: Önceki günün sayısı yeni güne otomatik aktarılmaz.
Sonraki aşama: Günün cemre sırasına geç.","Diyanet İşleri Başkanlığı, İlmihal I",https://webdosya.diyanet.gov.tr/DiyanetAnasayfa/UserFiles/DiniBilgiler/ilmihal_cilt_1.pdf,"Mina ve cemre günleri, basılı s. 537–541, 554",2026-10-09,Özgün özet; kaynak metnin yeniden dağıtım izni teyit edilmedi.,draft,unverified,unverified,unverified,,,,,
hajj,H09.2,31,Günün cemre sırası,H09.2-draft-2026-10-09-v1,Günün cemre sırası ve her hedefin sayımı ayrı tutulur.,"Hazırlık: Kafile ve yetkili rehberden sırayı teyit et.
Yapılacak işlem: Her hedefte gerçekleşen atışları manuel işaretle.
Dikkat: Sayaç dini kabul, isabet veya saha güvenliği ölçümü değildir.
Sonraki aşama: Devam veya ayrılma dalına geç.","Diyanet İşleri Başkanlığı, İlmihal I",https://webdosya.diyanet.gov.tr/DiyanetAnasayfa/UserFiles/DiniBilgiler/ilmihal_cilt_1.pdf,"Cemre sırası ve günleri, basılı s. 537–541, 554",2026-10-09,Özgün özet; kaynak metnin yeniden dağıtım izni teyit edilmedi.,draft,unverified,unverified,unverified,,,,,
hajj,H09.3,32,Devam veya ayrılma dalı,H09.3-draft-2026-10-09-v1,Mina’da devam veya ayrılma kararı gün ve şartlara bağlıdır.,"Hazırlık: Program ve kişisel durumu yetkili rehberle gözden geçir.
Yapılacak işlem: Uygun sonraki hareketi kafilenle belirle.
Dikkat: Taslak akış otomatik ayrılma hükmü vermez.
Sonraki aşama: Veda uygulanabilirliğine geç.","Diyanet İşleri Başkanlığı, İlmihal I",https://webdosya.diyanet.gov.tr/DiyanetAnasayfa/UserFiles/DiniBilgiler/ilmihal_cilt_1.pdf,"Mina ayrılma bağlamı, basılı s. 537–541, 554",2026-10-09,Özgün özet; kaynak metnin yeniden dağıtım izni teyit edilmedi.,draft,unverified,unverified,unverified,,,,,
hajj,H10.1,33,Veda uygulanabilirliği,H10.1-draft-2026-10-09-v1,Veda tavafının uygulanabilirliği kişisel durumla değerlendirilir.,"Hazırlık: Seyahat zamanı ve özel durumunu rehberle doğrula.
Yapılacak işlem: Gerekli olup olmadığını yetkili kişiyle kararlaştır.
Dikkat: Uygulama herkese otomatik aynı hükmü uygulamaz.
Sonraki aşama: Veda açıklamasına geç.","Diyanet İşleri Başkanlığı, İlmihal I",https://webdosya.diyanet.gov.tr/DiyanetAnasayfa/UserFiles/DiniBilgiler/ilmihal_cilt_1.pdf,"Veda tavafı ve yapılış sırası, basılı s. 544–545, 554",2026-10-09,Özgün özet; kaynak metnin yeniden dağıtım izni teyit edilmedi.,draft,unverified,unverified,unverified,,,,,
hajj,H10.2,34,Veda açıklaması,H10.2-draft-2026-10-09-v1,Veda tavafı Mekke’den ayrılma aşamasıyla ilişkilidir.,"Hazırlık: Ayrılış ve tavaf zamanını kafileyle planla.
Yapılacak işlem: Kendine uygulanıyorsa işlemi rehberlikle yerine getir.
Dikkat: Sayaç ibadetin dinî kabulünü belirlemez.
Sonraki aşama: Son özete geç.","Diyanet İşleri Başkanlığı, İlmihal I",https://webdosya.diyanet.gov.tr/DiyanetAnasayfa/UserFiles/DiniBilgiler/ilmihal_cilt_1.pdf,"Veda tavafı ve yapılış sırası, basılı s. 544–545, 554",2026-10-09,Özgün özet; kaynak metnin yeniden dağıtım izni teyit edilmedi.,draft,unverified,unverified,unverified,,,,,
hajj,H10.3,35,Özet,H10.3-draft-2026-10-09-v1,Özet yalnız kişisel takip kaydını gösterir.,"Hazırlık: Açık kalan başlıkları ve kafile programını kontrol et.
Yapılacak işlem: Gerekiyorsa önceki adıma veya yetkili rehbere dön.
Dikkat: Tamamlandı işareti hac kabul belgesi değildir.
Sonraki aşama: Kayıtları sakla.",Uygulama kullanım akışı,https://github.com/NeoTuck/kabe_hac,Yerel rehber ve prova işleyişi,2026-10-09,Özgün uygulama açıklaması; dinî hüküm değildir.,draft,unverified,unverified,unverified,,,,,
