id,order,groupId,title,status,textVersion,summary,details,arabic,transliteration,meaningTr,sourceTitle,sourceUrl,sourceLocation,sourceUsageRights,reviewedBy,reviewedAt
U01.1,1,U01,Kullanım biçimi seçimi,draft,,,,,,,,,,,,
U01.2,2,U01,Hazırlık,draft,,,,,,,,,,,,
U02.1,3,U02,İhram ve mikat bağlamı,draft,,,,,,,,,,,,
U02.2,4,U02,Niyet ve telbiye,draft,U02.2-text-v1,,,,,,,,,,,
U02.3,5,U02,İhram bilgileri,draft,,,,,,,,,,,,
U03.1,6,U03,Mescid-i Haram'a yaklaşma,draft,,,,,,,,,,,,
U04.1,7,U04,Kâbe'yi ilk görüş bağlamı,draft,,,,,,,,,,,,
U05.1,8,U05,Tavaf başlangıcı ve yönü,draft,,,,,,,,,,,,
U06.1,9,U06,İlk şavtı öğrenme,draft,,,,,,,,,,,,
U06.2,10,U06,Yedi şavt takibi,draft,,,,,,,,,,,,
U06.3,11,U06,Tavaf sonrası geçiş,draft,,,,,,,,,,,,
U07.1,12,U07,Tavaf namazını öğrenme,draft,,,,,,,,,,,,
U07.2,13,U07,Zemzem,draft,,,,,,,,,,,,
U08.1,14,U08,Safâ ve sa‘y başlangıcı,draft,,,,,,,,,,,,
U09.1,15,U09,İlk gidiş/dönüş ve sayım,draft,,,,,,,,,,,,
U09.2,16,U09,Yedi geçişin takibi,draft,,,,,,,,,,,,
U10.1,17,U10,Tahallül bilgisi,draft,,,,,,,,,,,,
U10.2,18,U10,Öğrenme/yolculuk özeti,draft,,,,,,,,,,,,
